,carId,city,date,lat,lng,neighbourhood,region
0,199,Vancouver,2018-04-09T19:05:42.579037,49.265548,49.265548,Grandview-Woodland,Lower Mainland
1,198,Vancouver,2018-04-09T19:05:42.579037,49.265548,49.265548,Grandview-Woodland,Lower Mainland
2,344,Vancouver,2018-04-09T19:05:42.579037,49.265548,49.265548,Dunbar-Southlands,Lower Mainland
3,346,Vancouver,2018-04-09T19:05:42.579037,49.265548,49.265548,Grandview-Woodland,Lower Mainland
4,347,Vancouver,2018-04-09T19:05:42.579037,49.265548,49.265548,Grandview-Woodland,Lower Mainland
5,340,Vancouver,2018-04-09T19:05:42.579037,49.265548,49.265548,Mount Pleasant,Lower Mainland
6,341,Burnaby,2018-04-09T19:05:42.579037,49.265548,49.265548,Brentwood Town Centre,Lower Mainland
7,342,Richmond,2018-04-09T19:05:42.579037,49.265548,49.265548,Richmond,Lower Mainland
8,343,Vancouver,2018-04-09T19:05:42.579037,49.265548,49.265548,False Creek,Lower Mainland
9,349,Vancouver,2018-04-09T19:05:42.579037,49.265548,49.265548,Coal Harbour,Lower Mainland
10,619,Victoria,2018-04-09T19:05:42.579037,49.265548,49.265548,Downtown Victoria,Lower Mainland
11,299,Vancouver,2018-04-09T19:05:42.579037,49.265548,49.265548,Downtown Vancouver,Lower Mainland
12,296,North Vancouver,2018-04-09T19:05:42.579037,49.265548,49.265548,Central Lonsdale,Lower Mainland
13,297,Vancouver,2018-04-09T19:05:42.579037,49.265548,49.265548,Yaletown,Lower Mainland
14,295,Surrey,2018-04-09T19:05:42.579037,49.265548,49.265548,Surrey City Centre,Lower Mainland
15,292,Vancouver,2018-04-09T19:05:42.579037,49.265548,49.265548,Mount Pleasant,Lower Mainland
16,293,Vancouver,2018-04-09T19:05:42.579037,49.265548,49.265548,Kitsilano,Lower Mainland
17,290,Vancouver,2018-04-09T19:05:42.579037,49.265548,49.265548,Kensington-Cedar Cottage,Lower Mainland
18,291,Vancouver,2018-04-09T19:05:42.579037,49.265548,49.265548,Grandview-Woodland,Lower Mainland
19,591,Vancouver,2018-04-09T19:05:42.579037,49.265548,49.265548,Fairview,Lower Mainland
20,590,Victoria,2018-04-09T19:05:42.579037,49.265548,49.265548,Hillside-Quadra,Lower Mainland
21,593,Surrey,2018-04-09T19:05:42.579037,49.265548,49.265548,Surrey City Centre,Lower Mainland
22,592,Victoria,2018-04-09T19:05:42.579037,49.265548,49.265548,Fairfield,Lower Mainland
23,595,New Westminster,2018-04-09T19:05:42.579037,49.265548,49.265548,Sapperton,Lower Mainland
24,594,Burnaby,2018-04-09T19:05:42.579037,49.265548,49.265548,Lougheed Town Centre,Lower Mainland
25,597,Surrey,2018-04-09T19:05:42.579037,49.265548,49.265548,South Westminster,Lower Mainland
26,596,Coquitlam,2018-04-09T19:05:42.579037,49.265548,49.265548,Coquitlam Town Centre,Lower Mainland
27,195,Vancouver,2018-04-09T19:05:42.579037,49.265548,49.265548,West End,Lower Mainland
28,194,Vancouver,2018-04-09T19:05:42.579037,49.265548,49.265548,Riley Park,Lower Mainland
29,191,Vancouver,2018-04-09T19:05:42.579037,49.265548,49.265548,West End,Lower Mainland
30,190,Vancouver,2018-04-09T19:05:42.579037,49.265548,49.265548,Kitsilano,Lower Mainland
31,192,Burnaby,2018-04-09T19:05:42.579037,49.265548,49.265548,Willingdon Heights,Lower Mainland
32,270,Vancouver,2018-04-09T19:05:42.579037,49.265548,49.265548,False Creek,Lower Mainland
33,271,Burnaby,2018-04-09T19:05:42.579037,49.265548,49.265548,Brentwood Town Centre,Lower Mainland
34,272,Vancouver,2018-04-09T19:05:42.579037,49.265548,49.265548,Mount Pleasant,Lower Mainland
35,274,Burnaby,2018-04-09T19:05:42.579037,49.265548,49.265548,Burnaby Mountain/SFU,Lower Mainland
36,275,Vancouver,2018-04-09T19:05:42.579037,49.265548,49.265548,Kensington-Cedar Cottage,Lower Mainland
37,276,UBC,2018-04-09T19:05:42.579037,49.265548,49.265548,Hawthorn Place,Lower Mainland
38,277,Vancouver,2018-04-09T19:05:42.579037,49.265548,49.265548,Grandview-Woodland,Lower Mainland
39,279,New Westminster,2018-04-09T19:05:42.579037,49.265548,49.265548,Uptown,Lower Mainland
40,524,Port Moody,2018-04-09T19:05:42.579037,49.265548,49.265548,Port Moody,Lower Mainland
41,525,New Westminster,2018-04-09T19:05:42.579037,49.265548,49.265548,Glenbrooke North,Lower Mainland
42,526,UBC,2018-04-09T19:05:42.579037,49.265548,49.265548,Hawthorn Place,Lower Mainland
43,520,Saanich,2018-04-09T19:05:42.579037,49.265548,49.265548,Saanich Core,Lower Mainland
44,522,Vancouver,2018-04-09T19:05:42.579037,49.265548,49.265548,Downtown Eastside,Lower Mainland
45,523,Burnaby,2018-04-09T19:05:42.579037,49.265548,49.265548,Capitol Hill,Lower Mainland
46,599,New Westminster,2018-04-09T19:05:42.579037,49.265548,49.265548,Brow of the Hill,Lower Mainland
47,528,Vancouver,2018-04-09T19:05:42.579037,49.265548,49.265548,Sunset,Lower Mainland
48,529,Coquitlam,2018-04-09T19:05:42.579037,49.265548,49.265548,Cariboo-Burquitlam,Lower Mainland
49,449,Vancouver,2018-04-09T19:05:42.579037,49.265548,49.265548,Grandview-Woodland,Lower Mainland
50,443,Victoria,2018-04-09T19:05:42.579037,49.265548,49.265548,Downtown Victoria,Lower Mainland
51,442,Vancouver,2018-04-09T19:05:42.579037,49.265548,49.265548,Downtown Vancouver,Lower Mainland
52,441,Burnaby,2018-04-09T19:05:42.579037,49.265548,49.265548,Metrotown Town Centre,Lower Mainland
53,440,Vancouver,2018-04-09T19:05:42.579037,49.265548,49.265548,False Creek,Lower Mainland
54,447,UBC,2018-04-09T19:05:42.579037,49.265548,49.265548,Wesbrook Place,Lower Mainland
55,446,Vancouver,2018-04-09T19:05:42.579037,49.265548,49.265548,Riley Park,Lower Mainland
56,444,Vancouver,2018-04-09T19:05:42.579037,49.265548,49.265548,Downtown Eastside,Lower Mainland
57,108,North Vancouver,2018-04-09T19:05:42.579037,49.265548,49.265548,Lower Lonsdale,Lower Mainland
58,109,Vancouver,2018-04-09T19:05:42.579037,49.265548,49.265548,Downtown Vancouver,Lower Mainland
59,102,Vancouver,2018-04-09T19:05:42.579037,49.265548,49.265548,Coal Harbour,Lower Mainland
60,101,Vancouver,2018-04-09T19:05:42.579037,49.265548,49.265548,Mount Pleasant,Lower Mainland
61,106,Vancouver,2018-04-09T19:05:42.579037,49.265548,49.265548,Mount Pleasant,Lower Mainland
62,107,Vancouver,2018-04-09T19:05:42.579037,49.265548,49.265548,Grandview-Woodland,Lower Mainland
63,104,Vancouver,2018-04-09T19:05:42.579037,49.265548,49.265548,Fairview,Lower Mainland
64,105,Vancouver,2018-04-09T19:05:42.579037,49.265548,49.265548,Kitsilano,Lower Mainland
65,39,Vancouver,2018-04-09T19:05:42.579037,49.265548,49.265548,West End,Lower Mainland
66,38,Vancouver,2018-04-09T19:05:42.579037,49.265548,49.265548,Kitsilano,Lower Mainland
67,33,Vancouver,2018-04-09T19:05:42.579037,49.265548,49.265548,Grandview-Woodland,Lower Mainland
68,31,Vancouver,2018-04-09T19:05:42.579037,49.265548,49.265548,West End,Lower Mainland
69,30,Vancouver,2018-04-09T19:05:42.579037,49.265548,49.265548,West Point Grey,Lower Mainland
70,37,Vancouver,2018-04-09T19:05:42.579037,49.265548,49.265548,Kensington-Cedar Cottage,Lower Mainland
71,35,Vancouver,2018-04-09T19:05:42.579037,49.265548,49.265548,Riley Park,Lower Mainland
72,34,Vancouver,2018-04-09T19:05:42.579037,49.265548,49.265548,Fairview,Lower Mainland
73,438,Victoria,2018-04-09T19:05:42.579037,49.265548,49.265548,Fairfield,Lower Mainland
74,439,Richmond,2018-04-09T19:05:42.579037,49.265548,49.265548,Richmond,Lower Mainland
75,436,Victoria,2018-04-09T19:05:42.579037,49.265548,49.265548,Fernwood,Lower Mainland
76,437,Victoria,2018-04-09T19:05:42.579037,49.265548,49.265548,James Bay,Lower Mainland
77,434,Victoria,2018-04-09T19:05:42.579037,49.265548,49.265548,Fairfield,Lower Mainland
78,435,Victoria,2018-04-09T19:05:42.579037,49.265548,49.265548,Downtown Victoria,Lower Mainland
79,432,Victoria,2018-04-09T19:05:42.579037,49.265548,49.265548,James Bay,Lower Mainland
80,433,Victoria,2018-04-09T19:05:42.579037,49.265548,49.265548,Fernwood,Lower Mainland
81,430,UVic,2018-04-09T19:05:42.579037,49.265548,49.265548,UVic,Lower Mainland
82,431,Victoria,2018-04-09T19:05:42.579037,49.265548,49.265548,James Bay,Lower Mainland
83,339,Vancouver,2018-04-09T19:05:42.579037,49.265548,49.265548,West End,Lower Mainland
84,338,Vancouver,2018-04-09T19:05:42.579037,49.265548,49.265548,False Creek,Lower Mainland
85,335,Burnaby,2018-04-09T19:05:42.579037,49.265548,49.265548,Metrotown Town Centre,Lower Mainland
86,334,Vancouver,2018-04-09T19:05:42.579037,49.265548,49.265548,Renfrew-Collingwood,Lower Mainland
87,337,Vancouver,2018-04-09T19:05:42.579037,49.265548,49.265548,Grandview-Woodland,Lower Mainland
88,336,Vancouver,2018-04-09T19:05:42.579037,49.265548,49.265548,Mount Pleasant,Lower Mainland
89,331,Vancouver,2018-04-09T19:05:42.579037,49.265548,49.265548,West End,Lower Mainland
90,330,Vancouver,2018-04-09T19:05:42.579037,49.265548,49.265548,Mount Pleasant,Lower Mainland
91,333,North Vancouver,2018-04-09T19:05:42.579037,49.265548,49.265548,Lower Lonsdale,Lower Mainland
92,332,Vancouver,2018-04-09T19:05:42.579037,49.265548,49.265548,Grandview-Woodland,Lower Mainland
93,6,Vancouver,2018-04-09T19:05:42.579037,49.265548,49.265548,West End,Lower Mainland
94,99,Vancouver,2018-04-09T19:05:42.579037,49.265548,49.265548,Renfrew-Collingwood,Lower Mainland
95,91,Vancouver,2018-04-09T19:05:42.579037,49.265548,49.265548,Grandview-Woodland,Lower Mainland
96,90,Vancouver,2018-04-09T19:05:42.579037,49.265548,49.265548,Kitsilano,Lower Mainland
97,93,UBC,2018-04-09T19:05:42.579037,49.265548,49.265548,East Campus,Lower Mainland
98,92,Vancouver,2018-04-09T19:05:42.579037,49.265548,49.265548,False Creek,Lower Mainland
99,95,Vancouver,2018-04-09T19:05:42.579037,49.265548,49.265548,Renfrew-Collingwood,Lower Mainland
100,94,Vancouver,2018-04-09T19:05:42.579037,49.265548,49.265548,Fairview,Lower Mainland
101,96,Vancouver,2018-04-09T19:05:42.579037,49.265548,49.265548,Downtown Vancouver,Lower Mainland
102,558,Victoria,2018-04-09T19:05:42.579037,49.265548,49.265548,Downtown Victoria,Lower Mainland
103,555,Vancouver,2018-04-09T19:05:42.579037,49.265548,49.265548,Hastings-Sunrise,Lower Mainland
104,554,Vancouver,2018-04-09T19:05:42.579037,49.265548,49.265548,False Creek,Lower Mainland
105,557,Vancouver,2018-04-09T19:05:42.579037,49.265548,49.265548,Fairview,Lower Mainland
106,556,Vancouver,2018-04-09T19:05:42.579037,49.265548,49.265548,Hastings-Sunrise,Lower Mainland
107,551,Vancouver,2018-04-09T19:05:42.579037,49.265548,49.265548,West End,Lower Mainland
108,550,Vancouver,2018-04-09T19:05:42.579037,49.265548,49.265548,Renfrew-Collingwood,Lower Mainland
109,553,Richmond,2018-04-09T19:05:42.579037,49.265548,49.265548,Richmond,Lower Mainland
110,238,Vancouver,2018-04-09T19:05:42.579037,49.265548,49.265548,Mount Pleasant,Lower Mainland
111,235,Vancouver,2018-04-09T19:05:42.579037,49.265548,49.265548,West Point Grey,Lower Mainland
112,237,Vancouver,2018-04-09T19:05:42.579037,49.265548,49.265548,Mount Pleasant,Lower Mainland
113,231,Vancouver,2018-04-09T19:05:42.579037,49.265548,49.265548,Kensington-Cedar Cottage,Lower Mainland
114,146,Vancouver,2018-04-09T19:05:42.579037,49.265548,49.265548,Kensington-Cedar Cottage,Lower Mainland
115,618,Vancouver,2018-04-09T19:05:42.579037,49.265548,49.265548,Kensington-Cedar Cottage,Lower Mainland
116,145,Vancouver,2018-04-09T19:05:42.579037,49.265548,49.265548,Downtown Vancouver,Lower Mainland
117,142,Vancouver,2018-04-09T19:05:42.579037,49.265548,49.265548,Kitsilano,Lower Mainland
118,143,Vancouver,2018-04-09T19:05:42.579037,49.265548,49.265548,Mount Pleasant,Lower Mainland
119,140,Vancouver,2018-04-09T19:05:42.579037,49.265548,49.265548,False Creek,Lower Mainland
120,141,Vancouver,2018-04-09T19:05:42.579037,49.265548,49.265548,Fairview,Lower Mainland
121,612,Victoria,2018-04-09T19:05:42.579037,49.265548,49.265548,Downtown Victoria,Lower Mainland
122,613,Victoria,2018-04-09T19:05:42.579037,49.265548,49.265548,Fernwood,Lower Mainland
123,610,North Vancouver,2018-04-09T19:05:42.579037,49.265548,49.265548,Lower Lonsdale,Lower Mainland
124,611,Victoria,2018-04-09T19:05:42.579037,49.265548,49.265548,Fairfield,Lower Mainland
125,616,Victoria,2018-04-09T19:05:42.579037,49.265548,49.265548,James Bay,Lower Mainland
126,617,Burnaby,2018-04-09T19:05:42.579037,49.265548,49.265548,Sperling-Broadway,Lower Mainland
127,149,Vancouver,2018-04-09T19:05:42.579037,49.265548,49.265548,Mount Pleasant,Lower Mainland
128,154,Vancouver,2018-04-09T19:05:42.579037,49.265548,49.265548,West End,Lower Mainland
129,623,Victoria,2018-04-09T19:05:42.579037,49.265548,49.265548,James Bay,Lower Mainland
130,622,Vancouver,2018-04-09T19:05:42.579037,49.265548,49.265548,Yaletown,Lower Mainland
131,133,Burnaby,2018-04-09T19:05:42.579037,49.265548,49.265548,Metrotown Town Centre,Lower Mainland
132,132,UBC,2018-04-09T19:05:42.579037,49.265548,49.265548,East Campus,Lower Mainland
133,130,Vancouver,2018-04-09T19:05:42.579037,49.265548,49.265548,Kitsilano,Lower Mainland
134,137,Vancouver,2018-04-09T19:05:42.579037,49.265548,49.265548,Kitsilano,Lower Mainland
135,499,North Vancouver,2018-04-09T19:05:42.579037,49.265548,49.265548,Lynn Creek,Lower Mainland
136,135,Vancouver,2018-04-09T19:05:42.579037,49.265548,49.265548,Grandview-Woodland,Lower Mainland
137,494,Tsawwassen,2018-04-09T19:05:42.579037,49.265548,49.265548,Tsawwassen,Lower Mainland
138,495,North Saanich,2018-04-09T19:05:42.579037,49.265548,49.265548,Swartz Bay,Lower Mainland
139,139,Vancouver,2018-04-09T19:05:42.579037,49.265548,49.265548,West End,Lower Mainland
140,138,Vancouver,2018-04-09T19:05:42.579037,49.265548,49.265548,West End,Lower Mainland
141,490,Vancouver,2018-04-09T19:05:42.579037,49.265548,49.265548,West End,Lower Mainland
142,491,Oak Bay,2018-04-09T19:05:42.579037,49.265548,49.265548,Oak Bay,Lower Mainland
143,492,Richmond,2018-04-09T19:05:42.579037,49.265548,49.265548,Richmond,Lower Mainland
144,493,New Westminster,2018-04-09T19:05:42.579037,49.265548,49.265548,Brow of the Hill,Lower Mainland
145,24,Vancouver,2018-04-09T19:05:42.579037,49.265548,49.265548,Fairview,Lower Mainland
146,25,Vancouver,2018-04-09T19:05:42.579037,49.265548,49.265548,West End,Lower Mainland
147,26,Vancouver,2018-04-09T19:05:42.579037,49.265548,49.265548,Mount Pleasant,Lower Mainland
148,20,Vancouver,2018-04-09T19:05:42.579037,49.265548,49.265548,Grandview-Woodland,Lower Mainland
149,21,Vancouver,2018-04-09T19:05:42.579037,49.265548,49.265548,West End,Lower Mainland
150,22,Vancouver,2018-04-09T19:05:42.579037,49.265548,49.265548,Kitsilano,Lower Mainland
151,23,Vancouver,2018-04-09T19:05:42.579037,49.265548,49.265548,South Cambie,Lower Mainland
152,407,New Westminster,2018-04-09T19:05:42.579037,49.265548,49.265548,Uptown,Lower Mainland
153,406,Burnaby,2018-04-09T19:05:42.579037,49.265548,49.265548,Metrotown Town Centre,Lower Mainland
154,405,UBC,2018-04-09T19:05:42.579037,49.265548,49.265548,Main Campus,Lower Mainland
155,403,Vancouver,2018-04-09T19:05:42.579037,49.265548,49.265548,False Creek,Lower Mainland
156,401,Vancouver,2018-04-09T19:05:42.579037,49.265548,49.265548,West End,Lower Mainland
157,400,Vancouver,2018-04-09T19:05:42.579037,49.265548,49.265548,Oakridge,Lower Mainland
158,629,Vancouver,2018-04-09T19:05:42.579037,49.265548,49.265548,Marpole,Lower Mainland
159,409,Vancouver,2018-04-09T19:05:42.579037,49.265548,49.265548,Grandview-Woodland,Lower Mainland
160,408,Vancouver,2018-04-09T19:05:42.579037,49.265548,49.265548,Grandview-Woodland,Lower Mainland
161,379,Vancouver,2018-04-09T19:05:42.579037,49.265548,49.265548,West End,Lower Mainland
162,371,Vancouver,2018-04-09T19:05:42.579037,49.265548,49.265548,Hastings-Sunrise,Lower Mainland
163,373,Vancouver,2018-04-09T19:05:42.579037,49.265548,49.265548,Kitsilano,Lower Mainland
164,372,Vancouver,2018-04-09T19:05:42.579037,49.265548,49.265548,Strathcona,Lower Mainland
165,375,Vancouver,2018-04-09T19:05:42.579037,49.265548,49.265548,False Creek,Lower Mainland
166,374,West Vancouver,2018-04-09T19:05:42.579037,49.265548,49.265548,Horseshoe Bay,Lower Mainland
167,376,New Westminster,2018-04-09T19:05:42.579037,49.265548,49.265548,Sapperton,Lower Mainland
168,393,New Westminster,2018-04-09T19:05:42.579037,49.265548,49.265548,Uptown,Lower Mainland
169,392,New Westminster,2018-04-09T19:05:42.579037,49.265548,49.265548,Downtown New Westminster,Lower Mainland
170,391,New Westminster,2018-04-09T19:05:42.579037,49.265548,49.265548,Downtown New Westminster,Lower Mainland
171,89,Vancouver,2018-04-09T19:05:42.579037,49.265548,49.265548,Riley Park,Lower Mainland
172,397,Vancouver,2018-04-09T19:05:42.579037,49.265548,49.265548,Fairview,Lower Mainland
173,395,Vancouver,2018-04-09T19:05:42.579037,49.265548,49.265548,Hastings-Sunrise,Lower Mainland
174,394,Burnaby,2018-04-09T19:05:42.579037,49.265548,49.265548,Brentwood Town Centre,Lower Mainland
175,82,Burnaby,2018-04-09T19:05:42.579037,49.265548,49.265548,Edmonds Town Centre,Lower Mainland
176,399,Port Moody,2018-04-09T19:05:42.579037,49.265548,49.265548,Port Moody,Lower Mainland
177,86,Vancouver,2018-04-09T19:05:42.579037,49.265548,49.265548,South Cambie,Lower Mainland
178,84,Vancouver,2018-04-09T19:05:42.579037,49.265548,49.265548,Grandview-Woodland,Lower Mainland
179,85,Vancouver,2018-04-09T19:05:42.579037,49.265548,49.265548,Kitsilano,Lower Mainland
180,586,Sidney,2018-04-09T19:05:42.579037,49.265548,49.265548,Sidney,Lower Mainland
181,587,Vancouver,2018-04-09T19:05:42.579037,49.265548,49.265548,Coal Harbour,Lower Mainland
182,584,Vancouver,2018-04-09T19:05:42.579037,49.265548,49.265548,Coal Harbour,Lower Mainland
183,585,Sidney,2018-04-09T19:05:42.579037,49.265548,49.265548,Sidney,Lower Mainland
184,582,Vancouver,2018-04-09T19:05:42.579037,49.265548,49.265548,Kensington-Cedar Cottage,Lower Mainland
185,580,Victoria,2018-04-09T19:05:42.579037,49.265548,49.265548,Jubilee,Lower Mainland
186,581,UBC,2018-04-09T19:05:42.579037,49.265548,49.265548,East Campus,Lower Mainland
187,588,Victoria,2018-04-09T19:05:42.579037,49.265548,49.265548,Burnside,Lower Mainland
188,247,Vancouver,2018-04-09T19:05:42.579037,49.265548,49.265548,Grandview-Woodland,Lower Mainland
189,241,Vancouver,2018-04-09T19:05:42.579037,49.265548,49.265548,South Cambie,Lower Mainland
190,615,Coquitlam,2018-04-09T19:05:42.579037,49.265548,49.265548,Coquitlam Town Centre,Lower Mainland
191,249,Vancouver,2018-04-09T19:05:42.579037,49.265548,49.265548,West End,Lower Mainland
192,248,Vancouver,2018-04-09T19:05:42.579037,49.265548,49.265548,West End,Lower Mainland
193,519,Vancouver,2018-04-09T19:05:42.579037,49.265548,49.265548,West End,Lower Mainland
194,511,Surrey,2018-04-09T19:05:42.579037,49.265548,49.265548,Surrey City Centre,Lower Mainland
195,510,New Westminster,2018-04-09T19:05:42.579037,49.265548,49.265548,Downtown New Westminster,Lower Mainland
196,512,Vancouver,2018-04-09T19:05:42.579037,49.265548,49.265548,Mount Pleasant,Lower Mainland
197,515,Victoria,2018-04-09T19:05:42.579037,49.265548,49.265548,Burnside,Lower Mainland
198,517,Vancouver,2018-04-09T19:05:42.579037,49.265548,49.265548,West End,Lower Mainland
199,516,Richmond,2018-04-09T19:05:42.579037,49.265548,49.265548,Richmond,Lower Mainland
200,458,Vancouver,2018-04-09T19:05:42.579037,49.265548,49.265548,Oakridge,Lower Mainland
201,459,Victoria,2018-04-09T19:05:42.579037,49.265548,49.265548,Downtown Victoria,Lower Mainland
202,627,Vancouver,2018-04-09T19:05:42.579037,49.265548,49.265548,Downtown Vancouver,Lower Mainland
203,625,Vancouver,2018-04-09T19:05:42.579037,49.265548,49.265548,CoV Fleet Only,Lower Mainland
204,624,North Vancouver,2018-04-09T19:05:42.579037,49.265548,49.265548,Central Lonsdale,Lower Mainland
205,451,Vancouver,2018-04-09T19:05:42.579037,49.265548,49.265548,Downtown Vancouver,Lower Mainland
206,452,Coquitlam,2018-04-09T19:05:42.579037,49.265548,49.265548,Coquitlam Town Centre,Lower Mainland
207,628,Vancouver,2018-04-09T19:05:42.579037,49.265548,49.265548,Mount Pleasant,Lower Mainland
208,454,Burnaby,2018-04-09T19:05:42.579037,49.265548,49.265548,Edmonds Town Centre,Lower Mainland
209,455,Port Moody,2018-04-09T19:05:42.579037,49.265548,49.265548,Port Moody,Lower Mainland
210,456,Burnaby,2018-04-09T19:05:42.579037,49.265548,49.265548,Brentwood Town Centre,Lower Mainland
211,457,Vancouver,2018-04-09T19:05:42.579037,49.265548,49.265548,Kitsilano,Lower Mainland
212,179,Vancouver,2018-04-09T19:05:42.579037,49.265548,49.265548,Hastings-Sunrise,Lower Mainland
213,177,Vancouver,2018-04-09T19:05:42.579037,49.265548,49.265548,Yaletown,Lower Mainland
214,176,Vancouver,2018-04-09T19:05:42.579037,49.265548,49.265548,Kitsilano,Lower Mainland
215,175,Vancouver,2018-04-09T19:05:42.579037,49.265548,49.265548,West End,Lower Mainland
216,174,Vancouver,2018-04-09T19:05:42.579037,49.265548,49.265548,Hastings-Sunrise,Lower Mainland
217,172,Vancouver,2018-04-09T19:05:42.579037,49.265548,49.265548,Grandview-Woodland,Lower Mainland
218,170,Vancouver,2018-04-09T19:05:42.579037,49.265548,49.265548,West End,Lower Mainland
219,182,Vancouver,2018-04-09T19:05:42.579037,49.265548,49.265548,Kitsilano,Lower Mainland
220,183,Vancouver,2018-04-09T19:05:42.579037,49.265548,49.265548,Fairview,Lower Mainland
221,598,Vancouver,2018-04-09T19:05:42.579037,49.265548,49.265548,Downtown Vancouver,Lower Mainland
222,11,Vancouver,2018-04-09T19:05:42.579037,49.265548,49.265548,West End,Lower Mainland
223,10,Vancouver,2018-04-09T19:05:42.579037,49.265548,49.265548,West End,Lower Mainland
224,13,Vancouver,2018-04-09T19:05:42.579037,49.265548,49.265548,Mount Pleasant,Lower Mainland
225,15,Vancouver,2018-04-09T19:05:42.579037,49.265548,49.265548,Kensington-Cedar Cottage,Lower Mainland
226,17,Vancouver,2018-04-09T19:05:42.579037,49.265548,49.265548,Fairview,Lower Mainland
227,16,Vancouver,2018-04-09T19:05:42.579037,49.265548,49.265548,Kitsilano,Lower Mainland
228,18,Vancouver,2018-04-09T19:05:42.579037,49.265548,49.265548,Kitsilano,Lower Mainland
229,322,Burnaby,2018-04-09T19:05:42.579037,49.265548,49.265548,Burnaby Heights,Lower Mainland
230,323,Vancouver,2018-04-09T19:05:42.579037,49.265548,49.265548,Kensington-Cedar Cottage,Lower Mainland
231,321,Vancouver,2018-04-09T19:05:42.579037,49.265548,49.265548,Kitsilano,Lower Mainland
232,326,Vancouver,2018-04-09T19:05:42.579037,49.265548,49.265548,Strathcona,Lower Mainland
233,327,Vancouver,2018-04-09T19:05:42.579037,49.265548,49.265548,Hastings-Sunrise,Lower Mainland
234,324,Vancouver,2018-04-09T19:05:42.579037,49.265548,49.265548,False Creek,Lower Mainland
235,328,Vancouver,2018-04-09T19:05:42.579037,49.265548,49.265548,Strathcona,Lower Mainland
236,201,Burnaby,2018-04-09T19:05:42.579037,49.265548,49.265548,Edmonds Town Centre,Lower Mainland
237,202,Vancouver,2018-04-09T19:05:42.579037,49.265548,49.265548,Downtown Vancouver,Lower Mainland
238,207,Vancouver,2018-04-09T19:05:42.579037,49.265548,49.265548,Renfrew-Collingwood,Lower Mainland
239,206,Vancouver,2018-04-09T19:05:42.579037,49.265548,49.265548,Grandview-Woodland,Lower Mainland
240,209,UBC,2018-04-09T19:05:42.579037,49.265548,49.265548,Wesbrook Place,Lower Mainland
241,208,Vancouver,2018-04-09T19:05:42.579037,49.265548,49.265548,Downtown Vancouver,Lower Mainland
242,77,Vancouver,2018-04-09T19:05:42.579037,49.265548,49.265548,West End,Lower Mainland
243,75,Vancouver,2018-04-09T19:05:42.579037,49.265548,49.265548,Grandview-Woodland,Lower Mainland
244,72,UBC,2018-04-09T19:05:42.579037,49.265548,49.265548,East Campus,Lower Mainland
245,70,Vancouver,2018-04-09T19:05:42.579037,49.265548,49.265548,Fairview,Lower Mainland
246,542,Burnaby,2018-04-09T19:05:42.579037,49.265548,49.265548,Burnaby Mountain/SFU,Lower Mainland
247,547,Vancouver,2018-04-09T19:05:42.579037,49.265548,49.265548,Mount Pleasant,Lower Mainland
248,545,Vancouver,2018-04-09T19:05:42.579037,49.265548,49.265548,Marpole,Lower Mainland
249,8,Vancouver,2018-04-09T19:05:42.579037,49.265548,49.265548,Yaletown,Lower Mainland
250,548,Saanich,2018-04-09T19:05:42.579037,49.265548,49.265548,Shelbourne,Lower Mainland
251,549,Vancouver,2018-04-09T19:05:42.579037,49.265548,49.265548,Killarney,Lower Mainland
252,120,Vancouver,2018-04-09T19:05:42.579037,49.265548,49.265548,Kitsilano,Lower Mainland
253,121,Vancouver,2018-04-09T19:05:42.579037,49.265548,49.265548,Dunbar-Southlands,Lower Mainland
254,122,Vancouver,2018-04-09T19:05:42.579037,49.265548,49.265548,Kerrisdale,Lower Mainland
255,124,Vancouver,2018-04-09T19:05:42.579037,49.265548,49.265548,Riley Park,Lower Mainland
256,126,Vancouver,2018-04-09T19:05:42.579037,49.265548,49.265548,Kitsilano,Lower Mainland
257,129,Vancouver,2018-04-09T19:05:42.579037,49.265548,49.265548,Strathcona,Lower Mainland
258,414,Vancouver,2018-04-09T19:05:42.579037,49.265548,49.265548,Marpole,Lower Mainland
259,415,Burnaby,2018-04-09T19:05:42.579037,49.265548,49.265548,Lougheed Town Centre,Lower Mainland
260,417,UVic,2018-04-09T19:05:42.579037,49.265548,49.265548,UVic,Lower Mainland
261,410,Surrey,2018-04-09T19:05:42.579037,49.265548,49.265548,Surrey City Centre,Lower Mainland
262,411,Burnaby,2018-04-09T19:05:42.579037,49.265548,49.265548,Lougheed Town Centre,Lower Mainland
263,412,Burnaby,2018-04-09T19:05:42.579037,49.265548,49.265548,Brentwood Town Centre,Lower Mainland
264,413,Vancouver,2018-04-09T19:05:42.579037,49.265548,49.265548,Kensington-Cedar Cottage,Lower Mainland
265,498,Vancouver,2018-04-09T19:05:42.579037,49.265548,49.265548,Downtown Vancouver,Lower Mainland
266,419,Victoria,2018-04-09T19:05:42.579037,49.265548,49.265548,Downtown Victoria,Lower Mainland
267,319,New Westminster,2018-04-09T19:05:42.579037,49.265548,49.265548,Sapperton,Lower Mainland
268,318,Vancouver,2018-04-09T19:05:42.579037,49.265548,49.265548,West End,Lower Mainland
269,313,Vancouver,2018-04-09T19:05:42.579037,49.265548,49.265548,False Creek,Lower Mainland
270,312,Vancouver,2018-04-09T19:05:42.579037,49.265548,49.265548,Riley Park,Lower Mainland
271,311,New Westminster,2018-04-09T19:05:42.579037,49.265548,49.265548,Brow of the Hill,Lower Mainland
272,310,Vancouver,2018-04-09T19:05:42.579037,49.265548,49.265548,Renfrew-Collingwood,Lower Mainland
273,316,Vancouver,2018-04-09T19:05:42.579037,49.265548,49.265548,Grandview-Woodland,Lower Mainland
274,315,Vancouver,2018-04-09T19:05:42.579037,49.265548,49.265548,Dunbar-Southlands,Lower Mainland
275,496,Vancouver,2018-04-09T19:05:42.579037,49.265548,49.265548,Killarney,Lower Mainland
276,497,Vancouver,2018-04-09T19:05:42.579037,49.265548,49.265548,Killarney,Lower Mainland
277,3,Vancouver,2018-04-09T19:05:42.579037,49.265548,49.265548,Kitsilano,Lower Mainland
278,362,Surrey,2018-04-09T19:05:42.579037,49.265548,49.265548,Surrey City Centre,Lower Mainland
279,363,Vancouver,2018-04-09T19:05:42.579037,49.265548,49.265548,Killarney,Lower Mainland
280,360,Vancouver,2018-04-09T19:05:42.579037,49.265548,49.265548,Riley Park,Lower Mainland
281,380,Vancouver,2018-04-09T19:05:42.579037,49.265548,49.265548,Kensington-Cedar Cottage,Lower Mainland
282,381,Vancouver,2018-04-09T19:05:42.579037,49.265548,49.265548,Yaletown,Lower Mainland
283,382,Burnaby,2018-04-09T19:05:42.579037,49.265548,49.265548,Marlborough,Lower Mainland
284,383,UBC,2018-04-09T19:05:42.579037,49.265548,49.265548,East Campus,Lower Mainland
285,384,UBC,2018-04-09T19:05:42.579037,49.265548,49.265548,Wesbrook Place,Lower Mainland
286,386,UBC,2018-04-09T19:05:42.579037,49.265548,49.265548,Hawthorn Place,Lower Mainland
287,387,Vancouver,2018-04-09T19:05:42.579037,49.265548,49.265548,West End,Lower Mainland
288,388,Vancouver,2018-04-09T19:05:42.579037,49.265548,49.265548,Mount Pleasant,Lower Mainland
289,389,Vancouver,2018-04-09T19:05:42.579037,49.265548,49.265548,Renfrew-Collingwood,Lower Mainland
290,579,Vancouver,2018-04-09T19:05:42.579037,49.265548,49.265548,Downtown Vancouver,Lower Mainland
291,578,Oak Bay,2018-04-09T19:05:42.579037,49.265548,49.265548,Oak Bay,Lower Mainland
292,573,UBC,2018-04-09T19:05:42.579037,49.265548,49.265548,Main Campus,Lower Mainland
293,572,Victoria,2018-04-09T19:05:42.579037,49.265548,49.265548,Burnside,Lower Mainland
294,577,Burnaby,2018-04-09T19:05:42.579037,49.265548,49.265548,Windsor,Lower Mainland
295,576,Vancouver,2018-04-09T19:05:42.579037,49.265548,49.265548,Yaletown,Lower Mainland
296,575,Vancouver,2018-04-09T19:05:42.579037,49.265548,49.265548,Hastings-Sunrise,Lower Mainland
297,574,UBC,2018-04-09T19:05:42.579037,49.265548,49.265548,Main Campus,Lower Mainland
298,60,Vancouver,2018-04-09T19:05:42.579037,49.265548,49.265548,West End,Lower Mainland
299,61,Vancouver,2018-04-09T19:05:42.579037,49.265548,49.265548,West End,Lower Mainland
300,62,Vancouver,2018-04-09T19:05:42.579037,49.265548,49.265548,Downtown Vancouver,Lower Mainland
301,259,Vancouver,2018-04-09T19:05:42.579037,49.265548,49.265548,Yaletown,Lower Mainland
302,64,Vancouver,2018-04-09T19:05:42.579037,49.265548,49.265548,Renfrew-Collingwood,Lower Mainland
303,65,Vancouver,2018-04-09T19:05:42.579037,49.265548,49.265548,West End,Lower Mainland
304,252,Vancouver,2018-04-09T19:05:42.579037,49.265548,49.265548,South Cambie,Lower Mainland
305,253,Vancouver,2018-04-09T19:05:42.579037,49.265548,49.265548,Fairview,Lower Mainland
306,250,Vancouver,2018-04-09T19:05:42.579037,49.265548,49.265548,Kitsilano,Lower Mainland
307,251,Vancouver,2018-04-09T19:05:42.579037,49.265548,49.265548,Yaletown,Lower Mainland
308,256,Vancouver,2018-04-09T19:05:42.579037,49.265548,49.265548,Mount Pleasant,Lower Mainland
309,257,Vancouver,2018-04-09T19:05:42.579037,49.265548,49.265548,West End,Lower Mainland
310,254,Vancouver,2018-04-09T19:05:42.579037,49.265548,49.265548,Kensington-Cedar Cottage,Lower Mainland
311,255,Vancouver,2018-04-09T19:05:42.579037,49.265548,49.265548,Strathcona,Lower Mainland
312,157,Vancouver,2018-04-09T19:05:42.579037,49.265548,49.265548,Kitsilano,Lower Mainland
313,509,Victoria,2018-04-09T19:05:42.579037,49.265548,49.265548,Fernwood,Lower Mainland
314,506,UBC,2018-04-09T19:05:42.579037,49.265548,49.265548,Hawthorn Place,Lower Mainland
315,507,Vancouver,2018-04-09T19:05:42.579037,49.265548,49.265548,Downtown Vancouver,Lower Mainland
316,504,Vancouver,2018-04-09T19:05:42.579037,49.265548,49.265548,West End,Lower Mainland
317,505,Victoria,2018-04-09T19:05:42.579037,49.265548,49.265548,Fairfield,Lower Mainland
318,502,North Vancouver,2018-04-09T19:05:42.579037,49.265548,49.265548,Central Lonsdale,Lower Mainland
319,503,Vancouver,2018-04-09T19:05:42.579037,49.265548,49.265548,False Creek,Lower Mainland
320,500,Vancouver,2018-04-09T19:05:42.579037,49.265548,49.265548,Downtown Vancouver,Lower Mainland
321,501,North Vancouver,2018-04-09T19:05:42.579037,49.265548,49.265548,Lynn Creek,Lower Mainland
322,630,Burnaby,2018-04-09T19:05:42.579037,49.265548,49.265548,Edmonds Town Centre,Lower Mainland
323,631,Vancouver,2018-04-09T19:05:42.579037,49.265548,49.265548,Hastings-Sunrise,Lower Mainland
324,632,Vancouver,2018-04-09T19:05:42.579037,49.265548,49.265548,Fairview,Lower Mainland
325,633,Burnaby,2018-04-09T19:05:42.579037,49.265548,49.265548,Lougheed Town Centre,Lower Mainland
326,469,Vancouver,2018-04-09T19:05:42.579037,49.265548,49.265548,Kensington-Cedar Cottage,Lower Mainland
327,468,New Westminster,2018-04-09T19:05:42.579037,49.265548,49.265548,Downtown New Westminster,Lower Mainland
328,465,Victoria,2018-04-09T19:05:42.579037,49.265548,49.265548,Downtown Victoria,Lower Mainland
329,467,Victoria,2018-04-09T19:05:42.579037,49.265548,49.265548,North Park,Lower Mainland
330,466,Port Moody,2018-04-09T19:05:42.579037,49.265548,49.265548,Port Moody,Lower Mainland
331,462,Surrey,2018-04-09T19:05:42.579037,49.265548,49.265548,Surrey City Centre,Lower Mainland
332,168,Burnaby,2018-04-09T19:05:42.579037,49.265548,49.265548,Burnaby Mountain/SFU,Lower Mainland
333,169,Vancouver,2018-04-09T19:05:42.579037,49.265548,49.265548,Grandview-Woodland,Lower Mainland
334,165,Vancouver,2018-04-09T19:05:42.579037,49.265548,49.265548,Mount Pleasant,Lower Mainland
335,166,Vancouver,2018-04-09T19:05:42.579037,49.265548,49.265548,Kitsilano,Lower Mainland
336,167,Vancouver,2018-04-09T19:05:42.579037,49.265548,49.265548,West End,Lower Mainland
337,161,Vancouver,2018-04-09T19:05:42.579037,49.265548,49.265548,Fairview,Lower Mainland
338,162,Vancouver,2018-04-09T19:05:42.579037,49.265548,49.265548,Downtown Vancouver,Lower Mainland
339,163,Vancouver,2018-04-09T19:05:42.579037,49.265548,49.265548,Yaletown,Lower Mainland
340,9,Vancouver,2018-04-09T19:05:42.579037,49.265548,49.265548,Grandview-Woodland,Lower Mainland
341,355,Burnaby,2018-04-09T19:05:42.579037,49.265548,49.265548,Burnaby Heights,Lower Mainland
342,354,Vancouver,2018-04-09T19:05:42.579037,49.265548,49.265548,Marpole,Lower Mainland
343,353,Vancouver,2018-04-09T19:05:42.579037,49.265548,49.265548,Kensington-Cedar Cottage,Lower Mainland
344,352,Coquitlam,2018-04-09T19:05:42.579037,49.265548,49.265548,Cariboo-Burquitlam,Lower Mainland
345,351,Burnaby,2018-04-09T19:05:42.579037,49.265548,49.265548,Edmonds Town Centre,Lower Mainland
346,350,Vancouver,2018-04-09T19:05:42.579037,49.265548,49.265548,Riley Park,Lower Mainland
347,359,Burnaby,2018-04-09T19:05:42.579037,49.265548,49.265548,Lougheed Town Centre,Lower Mainland
348,358,Vancouver,2018-04-09T19:05:42.579037,49.265548,49.265548,Strathcona,Lower Mainland
349,216,Vancouver,2018-04-09T19:05:42.579037,49.265548,49.265548,West End,Lower Mainland
350,213,Vancouver,2018-04-09T19:05:42.579037,49.265548,49.265548,Fairview,Lower Mainland
351,210,Vancouver,2018-04-09T19:05:42.579037,49.265548,49.265548,Fairview,Lower Mainland
352,211,Vancouver,2018-04-09T19:05:42.579037,49.265548,49.265548,Grandview-Woodland,Lower Mainland
353,218,Vancouver,2018-04-09T19:05:42.579037,49.265548,49.265548,Grandview-Woodland,Lower Mainland
354,289,Vancouver,2018-04-09T19:05:42.579037,49.265548,49.265548,Downtown Vancouver,Lower Mainland
355,288,Vancouver,2018-04-09T19:05:42.579037,49.265548,49.265548,Renfrew-Collingwood,Lower Mainland
356,4,Vancouver,2018-04-09T19:05:42.579037,49.265548,49.265548,False Creek,Lower Mainland
357,283,Burnaby,2018-04-09T19:05:42.579037,49.265548,49.265548,Lougheed Town Centre,Lower Mainland
358,285,Vancouver,2018-04-09T19:05:42.579037,49.265548,49.265548,South Cambie,Lower Mainland
359,284,Richmond,2018-04-09T19:05:42.579037,49.265548,49.265548,Richmond,Lower Mainland
360,287,Vancouver,2018-04-09T19:05:42.579037,49.265548,49.265548,Grandview-Woodland,Lower Mainland
361,286,Vancouver,2018-04-09T19:05:42.579037,49.265548,49.265548,Strathcona,Lower Mainland
362,263,Vancouver,2018-04-09T19:05:42.579037,49.265548,49.265548,Downtown Vancouver,Lower Mainland
363,262,Vancouver,2018-04-09T19:05:42.579037,49.265548,49.265548,Fairview,Lower Mainland
364,261,Vancouver,2018-04-09T19:05:42.579037,49.265548,49.265548,False Creek,Lower Mainland
365,260,Vancouver,2018-04-09T19:05:42.579037,49.265548,49.265548,Grandview-Woodland,Lower Mainland
366,267,Vancouver,2018-04-09T19:05:42.579037,49.265548,49.265548,Kerrisdale,Lower Mainland
367,266,Vancouver,2018-04-09T19:05:42.579037,49.265548,49.265548,Kitsilano,Lower Mainland
368,265,Vancouver,2018-04-09T19:05:42.579037,49.265548,49.265548,Downtown Vancouver,Lower Mainland
369,264,Vancouver,2018-04-09T19:05:42.579037,49.265548,49.265548,West End,Lower Mainland
370,269,Vancouver,2018-04-09T19:05:42.579037,49.265548,49.265548,Mount Pleasant,Lower Mainland
371,268,Vancouver,2018-04-09T19:05:42.579037,49.265548,49.265548,Kitsilano,Lower Mainland
372,59,Vancouver,2018-04-09T19:05:42.579037,49.265548,49.265548,Fairview,Lower Mainland
373,58,Vancouver,2018-04-09T19:05:42.579037,49.265548,49.265548,Mount Pleasant,Lower Mainland
374,54,Vancouver,2018-04-09T19:05:42.579037,49.265548,49.265548,Grandview-Woodland,Lower Mainland
375,57,Vancouver,2018-04-09T19:05:42.579037,49.265548,49.265548,Grandview-Woodland,Lower Mainland
376,56,Vancouver,2018-04-09T19:05:42.579037,49.265548,49.265548,False Creek,Lower Mainland
377,50,Vancouver,2018-04-09T19:05:42.579037,49.265548,49.265548,West End,Lower Mainland
378,52,Vancouver,2018-04-09T19:05:42.579037,49.265548,49.265548,Mount Pleasant,Lower Mainland
379,537,Victoria,2018-04-09T19:05:42.579037,49.265548,49.265548,James Bay,Lower Mainland
380,536,Vancouver,2018-04-09T19:05:42.579037,49.265548,49.265548,Kensington-Cedar Cottage,Lower Mainland
381,63,New Westminster,2018-04-09T19:05:42.579037,49.265548,49.265548,Connaught Heights,Lower Mainland
382,533,UBC,2018-04-09T19:05:42.579037,49.265548,49.265548,Wesbrook Place,Lower Mainland
383,532,Burnaby,2018-04-09T19:05:42.579037,49.265548,49.265548,Edmonds Town Centre,Lower Mainland
384,531,Coquitlam,2018-04-09T19:05:42.579037,49.265548,49.265548,Coquitlam Town Centre,Lower Mainland
385,530,Coquitlam,2018-04-09T19:05:42.579037,49.265548,49.265548,Coquitlam Town Centre,Lower Mainland
386,539,Vancouver,2018-04-09T19:05:42.579037,49.265548,49.265548,Renfrew-Collingwood,Lower Mainland
387,538,Victoria,2018-04-09T19:05:42.579037,49.265548,49.265548,Jubilee,Lower Mainland
388,115,Vancouver,2018-04-09T19:05:42.579037,49.265548,49.265548,Mount Pleasant,Lower Mainland
389,68,Vancouver,2018-04-09T19:05:42.579037,49.265548,49.265548,Riley Park,Lower Mainland
390,112,UBC,2018-04-09T19:05:42.579037,49.265548,49.265548,Hawthorn Place,Lower Mainland
391,119,Vancouver,2018-04-09T19:05:42.579037,49.265548,49.265548,Grandview-Woodland,Lower Mainland
392,118,New Westminster,2018-04-09T19:05:42.579037,49.265548,49.265548,Sapperton,Lower Mainland
393,429,Esquimalt,2018-04-09T19:05:42.579037,49.265548,49.265548,Esquimalt,Lower Mainland
394,428,Victoria,2018-04-09T19:05:42.579037,49.265548,49.265548,Oaklands,Lower Mainland
395,534,Victoria,2018-04-09T19:05:42.579037,49.265548,49.265548,Victoria West,Lower Mainland
396,421,Saanich,2018-04-09T19:05:42.579037,49.265548,49.265548,Gordon Head,Lower Mainland
397,420,Victoria,2018-04-09T19:05:42.579037,49.265548,49.265548,Victoria West,Lower Mainland
398,423,Victoria,2018-04-09T19:05:42.579037,49.265548,49.265548,James Bay,Lower Mainland
399,422,Victoria,2018-04-09T19:05:42.579037,49.265548,49.265548,Fairfield,Lower Mainland
400,425,Victoria,2018-04-09T19:05:42.579037,49.265548,49.265548,Jubilee,Lower Mainland
401,424,Victoria,2018-04-09T19:05:42.579037,49.265548,49.265548,North Park,Lower Mainland
402,427,Victoria,2018-04-09T19:05:42.579037,49.265548,49.265548,Fernwood,Lower Mainland
403,426,Oak Bay,2018-04-09T19:05:42.579037,49.265548,49.265548,Oak Bay,Lower Mainland
404,309,New Westminster,2018-04-09T19:05:42.579037,49.265548,49.265548,Downtown New Westminster,Lower Mainland
405,300,Vancouver,2018-04-09T19:05:42.579037,49.265548,49.265548,Downtown Eastside,Lower Mainland
406,301,Burnaby,2018-04-09T19:05:42.579037,49.265548,49.265548,Clinton-Glenwood,Lower Mainland
407,302,Vancouver,2018-04-09T19:05:42.579037,49.265548,49.265548,Fairview,Lower Mainland
408,303,Vancouver,2018-04-09T19:05:42.579037,49.265548,49.265548,Marpole,Lower Mainland
409,304,Vancouver,2018-04-09T19:05:42.579037,49.265548,49.265548,Sunset,Lower Mainland
410,305,Vancouver,2018-04-09T19:05:42.579037,49.265548,49.265548,Mount Pleasant,Lower Mainland
411,306,Surrey,2018-04-09T19:05:42.579037,49.265548,49.265548,Surrey City Centre,Lower Mainland
412,568,Vancouver,2018-04-09T19:05:42.579037,49.265548,49.265548,Hastings-Sunrise,Lower Mainland
413,560,Nanaimo,2018-04-09T19:05:42.579037,49.265548,49.265548,Newcastle,Lower Mainland
414,561,Nanaimo,2018-04-09T19:05:42.579037,49.265548,49.265548,Nanaimo City Centre,Lower Mainland
415,562,Nanaimo,2018-04-09T19:05:42.579037,49.265548,49.265548,Nanaimo City Centre,Lower Mainland
416,563,Nanaimo,2018-04-09T19:05:42.579037,49.265548,49.265548,Harewood,Lower Mainland
417,564,Vancouver,2018-04-09T19:05:42.579037,49.265548,49.265548,Renfrew-Collingwood,Lower Mainland
418,565,Vancouver,2018-04-09T19:05:42.579037,49.265548,49.265548,Sunset,Lower Mainland
419,566,Vancouver,2018-04-09T19:05:42.579037,49.265548,49.265548,West Point Grey,Lower Mainland
420,567,New Westminster,2018-04-09T19:05:42.579037,49.265548,49.265548,Glenbrooke South,Lower Mainland
421,229,Vancouver,2018-04-09T19:05:42.579037,49.265548,49.265548,West End,Lower Mainland
422,227,Vancouver,2018-04-09T19:05:42.579037,49.265548,49.265548,Grandview-Woodland,Lower Mainland
423,224,UBC,2018-04-09T19:05:42.579037,49.265548,49.265548,Wesbrook Place,Lower Mainland
424,222,Vancouver,2018-04-09T19:05:42.579037,49.265548,49.265548,Mount Pleasant,Lower Mainland
425,221,Burnaby,2018-04-09T19:05:42.579037,49.265548,49.265548,Edmonds Town Centre,Lower Mainland
426,114,Burnaby,2018-04-09T19:05:42.579037,49.265548,49.265548,Lougheed Town Centre,Lower Mainland
427,151,North Vancouver,2018-04-09T19:05:42.579037,49.265548,49.265548,Lower Lonsdale,Lower Mainland
428,604,Burnaby,2018-04-09T19:05:42.579037,49.265548,49.265548,Brentwood Town Centre,Lower Mainland
429,153,Vancouver,2018-04-09T19:05:42.579037,49.265548,49.265548,West End,Lower Mainland
430,152,Vancouver,2018-04-09T19:05:42.579037,49.265548,49.265548,Mount Pleasant,Lower Mainland
431,155,New Westminster,2018-04-09T19:05:42.579037,49.265548,49.265548,Uptown,Lower Mainland
432,600,Coquitlam,2018-04-09T19:05:42.579037,49.265548,49.265548,Coquitlam Town Centre,Lower Mainland
433,603,Burnaby,2018-04-09T19:05:42.579037,49.265548,49.265548,Westridge,Lower Mainland
434,602,Port Coquitlam,2018-04-09T19:05:42.579037,49.265548,49.265548,Port Coquitlam South,Lower Mainland
435,159,Vancouver,2018-04-09T19:05:42.579037,49.265548,49.265548,Downtown Vancouver,Lower Mainland
436,609,Vancouver,2018-04-09T19:05:42.579037,49.265548,49.265548,Mount Pleasant,Lower Mainland
437,608,Vancouver,2018-04-09T19:05:42.579037,49.265548,49.265548,Marpole,Lower Mainland
438,634,Port Coquitlam,2018-04-09T19:05:42.579037,49.265548,49.265548,Port Coquitlam South,Lower Mainland
439,49,Vancouver,2018-04-09T19:05:42.579037,49.265548,49.265548,Fairview,Lower Mainland
440,47,Vancouver,2018-04-09T19:05:42.579037,49.265548,49.265548,Downtown Vancouver,Lower Mainland
441,44,Vancouver,2018-04-09T19:05:42.579037,49.265548,49.265548,Strathcona,Lower Mainland
442,45,Vancouver,2018-04-09T19:05:42.579037,49.265548,49.265548,West End,Lower Mainland
443,42,Vancouver,2018-04-09T19:05:42.579037,49.265548,49.265548,West End,Lower Mainland
444,43,Burnaby,2018-04-09T19:05:42.579037,49.265548,49.265548,Metrotown Town Centre,Lower Mainland
445,40,Vancouver,2018-04-09T19:05:42.579037,49.265548,49.265548,Kitsilano,Lower Mainland
446,5,Vancouver,2018-04-09T19:05:42.579037,49.265548,49.265548,Kitsilano,Lower Mainland
447,489,Victoria,2018-04-09T19:05:42.579037,49.265548,49.265548,Downtown Victoria,Lower Mainland
448,488,Vancouver,2018-04-09T19:05:42.579037,49.265548,49.265548,Strathcona,Lower Mainland
449,487,Victoria,2018-04-09T19:05:42.579037,49.265548,49.265548,Burnside,Lower Mainland
450,486,Victoria,2018-04-09T19:05:42.579037,49.265548,49.265548,Fairfield,Lower Mainland
451,485,Burnaby,2018-04-09T19:05:42.579037,49.265548,49.265548,Metrotown Town Centre,Lower Mainland
452,483,Victoria,2018-04-09T19:05:42.579037,49.265548,49.265548,James Bay,Lower Mainland
453,482,Coquitlam,2018-04-09T19:05:42.579037,49.265548,49.265548,Cariboo-Burquitlam,Lower Mainland
454,481,Vancouver,2018-04-09T19:05:42.579037,49.265548,49.265548,Riley Park,Lower Mainland
455,480,Vancouver,2018-04-09T19:05:42.579037,49.265548,49.265548,False Creek,Lower Mainland
456,472,UBC,2018-04-09T19:05:42.579037,49.265548,49.265548,Main Campus,Lower Mainland
457,473,Burnaby,2018-04-09T19:05:42.579037,49.265548,49.265548,Edmonds Town Centre,Lower Mainland
458,470,Vancouver,2018-04-09T19:05:42.579037,49.265548,49.265548,West Point Grey,Lower Mainland
459,471,Vancouver,2018-04-09T19:05:42.579037,49.265548,49.265548,Kerrisdale,Lower Mainland
460,477,Vancouver,2018-04-09T19:05:42.579037,49.265548,49.265548,Renfrew-Collingwood,Lower Mainland
461,474,Vancouver,2018-04-09T19:05:42.579037,49.265548,49.265548,Kensington-Cedar Cottage,Lower Mainland
462,475,Vancouver,2018-04-09T19:05:42.579037,49.265548,49.265548,Downtown Vancouver,Lower Mainland
463,478,UBC,2018-04-09T19:05:42.579037,49.265548,49.265548,Main Campus,Lower Mainland
464,479,Burnaby,2018-04-09T19:05:42.579037,49.265548,49.265548,Brentwood Town Centre,Lower Mainland
